{"filesMd5":[{"page":"/config/index.js","md5":"871bef7399c363af766716ee5bbb42a7"},{"page":"/mediator/index.js","md5":"a5eb3dcfbf96baaceefcdc8a1dd406d4"},{"page":"/pages/car/choose.js","md5":"0927141d836a1c12f0671e5c7e9efe55"},{"page":"/pages/car/emptyInfo.js","md5":"57fcdf6ea7a4eacf5df17b5c9f5aa65b"},{"page":"/pages/car/vehicles.js","md5":"cd308423b39e37f47f5827a3d162aee2"},{"page":"/pages/chat/chat.js","md5":"713ea3e006641716644ab0255e4c5ccc"},{"page":"/pages/chat/messages.js","md5":"635e9a053d50e1aa1b2b14da7547543a"},{"page":"/pages/city/choose.js","md5":"217d2888ba1b1c1a876c017ff1103ab6"},{"page":"/pages/driver/user.js","md5":"9ec89e9017ffde9f013b84c14e4cd0d1"},{"page":"/pages/home/index.js","md5":"6cfdd8d6a9ee4abc9973ddd077a2fda9"},{"page":"/pages/login/login.js","md5":"ae39e02ad625db47126b31bfc75661c3"},{"page":"/pages/map/choose.js","md5":"f5327a87077837dd1c5eb1f4f549fde5"},{"page":"/pages/money/remaining.js","md5":"eadda79c5576e558f48646010a206aab"},{"page":"/pages/money/withdraw.js","md5":"3a1fd9e57263823661d1b45881265bec"},{"page":"/pages/order/detail.js","md5":"2471bb855265b1720a29ee096a5b4728"},{"page":"/pages/order/finish.js","md5":"4ddb9a6164511302e34ac21b9e87d796"},{"page":"/pages/order/wait.js","md5":"9f6b4fc6579d1e083fb50f885cc595a6"},{"page":"/pages/order/record.js","md5":"86c1c1cfcd33737929d9a66f78f86782"},{"page":"/pages/other/about.js","md5":"5ff3b44cdd2475ab7050ee2a56fce6c0"},{"page":"/pages/other/agreement.js","md5":"772cfc80455784d52192428d62cc1663"},{"page":"/pages/other/guide.js","md5":"b21e8b21c18c09d909c328a3e2236693"},{"page":"/pages/other/partner.js","md5":"48f9717df62364f1ef7b6999d9bbe36b"},{"page":"/pages/other/store.js","md5":"2661b0198a56f8f8d45534a3fbcb3297"},{"page":"/pages/other/system.js","md5":"e2e846e4c533853f076b014cda9883a6"},{"page":"/pages/other/tel.js","md5":"ae9c1c58ec9ed7a0cf764c04985d8f82"},{"page":"/pages/product/detail.js","md5":"fb3dfe55c4c5c44712aac2031e3e197f"},{"page":"/pages/product/qrcode.js","md5":"0b476b7be85be5f29b21a9c8a7fff595"},{"page":"/pages/setting/setting.js","md5":"e5b3e132a5a3f488649b8aa3426ea4ea"},{"page":"/pages/user/avatar.js","md5":"39eb5952bd8166bba7a15ae22c43197a"},{"page":"/pages/user/detail.js","md5":"5f3a7789fc7fdf9e0c2fda7aa2f8110b"},{"page":"/pages/user/editName.js","md5":"2f914f94c351663b400c22f464fe2868"},{"page":"/pages/user/info.js","md5":"1ba10816a795901894136ac157d8b54b"},{"page":"/pages/verified/finish.js","md5":"6d8c4dddcd19fc922fbe0437a705da69"},{"page":"/pages/verified/form.js","md5":"6bd49b446304ed83dc3b01939c8f44cb"},{"page":"/iconfont/font_1469606063_76593.ttf","md5":"f6222bcfedff4a817bb50df7a049d1db"},{"page":"/iconfont/font_1469606522_9417143.woff","md5":"6cf5490fd14ff83350ff952bb5b8e484"},{"page":"/iconfont/font_zn5b3jswpofuhaor.ttf","md5":"c0356b22e8235d2b0be8880cc81894cc"},{"page":"/iconfont/iconfont-eros.ttf","md5":"68780fad0047dc5b02cb613ebb08cda1"},{"page":"/iconfont/iconfont.ttf","md5":"ec86bfe5bdb872bad2b2af4f11da14f4"},{"page":"/assets/chat@2x.png","md5":"d0c6719dc73f0f8d5843d9cd514792b3"},{"page":"/assets/chat_ed@2x.png","md5":"97bb472499b5d74795409b78937318f0"},{"page":"/assets/empty-car.png","md5":"b4f65b054f04a9744727de4929217cc0"},{"page":"/assets/empty-chat.png","md5":"e1ab1aceee170d9b4926896e732ec64f"},{"page":"/assets/empty-driver.png","md5":"dd91f533689399ab8dae79d689ba1344"},{"page":"/assets/err-network.png","md5":"159820f3981ed67fdb8b63677e8d88be"},{"page":"/assets/geo.png","md5":"87c70f4c3d41bcfe2b005002ac4f5437"},{"page":"/assets/home@2x.png","md5":"47580cc96862e2f1b37d08faa504da4a"},{"page":"/assets/home_ed@2x.png","md5":"d3b4eed9d7d90bc3b582ebc5de5e1a57"},{"page":"/assets/logo_mini.png","md5":"6797733ddc0679795fd7bec0af6861af"},{"page":"/assets/logo_mini1.png","md5":"753723a480e166fbb98a13ff46fce2a7"},{"page":"/assets/order-cancel.png","md5":"5fa50c9eec707928795ceea5ad828997"},{"page":"/assets/order-finish.png","md5":"d178fe88e193a18ff5f8b0d56d33cc78"},{"page":"/assets/order-pay.png","md5":"8c2130c1dc72b8b1974266e97ce1004b"},{"page":"/assets/order@2x.png","md5":"ef54118dd1df4694cee1f116b0799e53"},{"page":"/assets/order_ed@2x.png","md5":"14c177027acf119b0e624993a7a242d7"},{"page":"/assets/owner-menu.png","md5":"51f0a58a1c8a1b94102f3dd471c7cbf1"},{"page":"/assets/owner-pull.png","md5":"6b93535d2de4517d336fa8668aed2cfe"},{"page":"/assets/owner-scan.png","md5":"f61967d8cb4922c192cac2762d9dd937"},{"page":"/assets/register.jpg","md5":"a97df2e7de8e1496aa51e68685bb503a"},{"page":"/assets/ssumapchoose.html","md5":"1a8f9e0989eaaf0eae26352216bfc7f5"},{"page":"/assets/step-1.png","md5":"86ad2dfa985ad1e82133fd434efb21de"},{"page":"/assets/step-2.png","md5":"3f391798727867b931439969f1ee8d8d"},{"page":"/assets/step-3.png","md5":"495f3b824dc79ce8ca777a96b32a4db9"},{"page":"/assets/user@2x.png","md5":"a2faa247e6d9c19ed090636b53e54028"},{"page":"/assets/user_ed@2x.png","md5":"d2203956780c450e7f891e6fad651769"},{"page":"/assets/vehicles.png","md5":"0c5c06aea4c945b7db39e8ede4e5aaec"},{"page":"/assets/ver-ing.png","md5":"1b12e9d8232541d0ba3d5c4268df14f2"},{"page":"/assets/weixin.png","md5":"5be94d7b9b5c1fe3a969b00fe6d1c60f"}],"android":"1.0.0","iOS":"1.0.0","appName":"shengshang-u","jsVersion":"62bfe7ecb1c4ea03eb313ffdf06cfbe8","timestamp":1543301453776,"jsPath":"https://app.weex-eros.com/source"}
