{"filesMd5":[{"page":"/mediator/index.js","md5":"6c5f5bb8982be4190da91329b95620ef"},{"page":"/config/index.js","md5":"e16605125b3da7d6aea58e261f3a1980"},{"page":"/pages/car/choose.js","md5":"99ba99832f3f8fe7c24834feb94fdb87"},{"page":"/pages/car/emptyInfo.js","md5":"1dee1cef424ae7663236a240f51d52e2"},{"page":"/pages/chat/messages.js","md5":"058016804bc2596a4bda004ab6c57fd7"},{"page":"/pages/chat/chat.js","md5":"e66018387dc056f48822063e25a0e9f2"},{"page":"/pages/car/vehicles.js","md5":"75d3dc8369fb6c0d247508dac74a4657"},{"page":"/pages/driver/user.js","md5":"d423082eb4dfa3928a1683b46de415a0"},{"page":"/pages/city/choose.js","md5":"4a44fcec328091d8b01883aa74b00676"},{"page":"/pages/login/login.js","md5":"d2cb4f03cf22e3d9992792a07b3b05a2"},{"page":"/pages/home/index.js","md5":"6aa1d1645a2670f070be42bf77c80330"},{"page":"/pages/map/choose.js","md5":"bbc2f837babeb5af897965e0d6212c61"},{"page":"/pages/money/remaining.js","md5":"54d94a78583bb1ef9f6189e2eb5d97bf"},{"page":"/pages/money/withdraw.js","md5":"b187560267dfb3ee2af01f2336e72590"},{"page":"/pages/order/detail.js","md5":"b8e7b0a00e82c6bc2870770a7801e32c"},{"page":"/pages/other/about.js","md5":"a5dcdbb1257a9a16d6605259ad00011a"},{"page":"/pages/order/record.js","md5":"4428ed3cd7e6a2acc25864dfee5b5af0"},{"page":"/pages/order/finish.js","md5":"ba9a6e14f0e85fd64ae34a1f6842a40d"},{"page":"/pages/other/agreement.js","md5":"62628a43ade915da2298c5c7ee1f329e"},{"page":"/pages/other/guide.js","md5":"76e5ff85b12b12a8165b515000bb50b5"},{"page":"/pages/order/wait.js","md5":"759db4e58aa4df5ff1f9d51d55ba9efd"},{"page":"/pages/other/partner.js","md5":"fd4ef05a871d69fe02aca75771e02027"},{"page":"/pages/other/store.js","md5":"d9a28c16eaaa162ecf529d43557ddfe6"},{"page":"/pages/other/system.js","md5":"96f3cab42dbbc909982a0c7241358645"},{"page":"/pages/other/tel.js","md5":"641bc2e24a2f1ebba860ab59dd6d8e65"},{"page":"/pages/product/detail.js","md5":"c7860bebc70213e913aab409751efa89"},{"page":"/pages/product/qrcode.js","md5":"d1663991a66f88857dffe91d833454b6"},{"page":"/pages/user/avatar.js","md5":"3943ee547f207971b681293d328d351a"},{"page":"/pages/setting/setting.js","md5":"f1aa121a8e1925a142a1babdc780f77d"},{"page":"/pages/user/detail.js","md5":"6b31aad94f8e1a7c53dd2cb16aa05b26"},{"page":"/pages/user/editName.js","md5":"b890c0688603ed5ba8089299f8b82a56"},{"page":"/pages/user/info.js","md5":"dde374025b0d8fb802cd0b132553d387"},{"page":"/pages/verified/finish.js","md5":"14c34b49ea08bbc807fa27125060c7d9"},{"page":"/pages/verified/form.js","md5":"73c70e807c1e0222989dc54113637372"},{"page":"/iconfont/font_1469606063_76593.ttf","md5":"f6222bcfedff4a817bb50df7a049d1db"},{"page":"/iconfont/font_1469606522_9417143.woff","md5":"6cf5490fd14ff83350ff952bb5b8e484"},{"page":"/iconfont/font_zn5b3jswpofuhaor.ttf","md5":"c0356b22e8235d2b0be8880cc81894cc"},{"page":"/iconfont/iconfont-eros.ttf","md5":"68780fad0047dc5b02cb613ebb08cda1"},{"page":"/iconfont/iconfont.ttf","md5":"ec86bfe5bdb872bad2b2af4f11da14f4"},{"page":"/assets/chat@2x.png","md5":"d0c6719dc73f0f8d5843d9cd514792b3"},{"page":"/assets/chat_ed@2x.png","md5":"97bb472499b5d74795409b78937318f0"},{"page":"/assets/empty-car.png","md5":"b4f65b054f04a9744727de4929217cc0"},{"page":"/assets/empty-chat.png","md5":"e1ab1aceee170d9b4926896e732ec64f"},{"page":"/assets/empty-driver.png","md5":"dd91f533689399ab8dae79d689ba1344"},{"page":"/assets/err-network.png","md5":"159820f3981ed67fdb8b63677e8d88be"},{"page":"/assets/geo.png","md5":"87c70f4c3d41bcfe2b005002ac4f5437"},{"page":"/assets/home@2x.png","md5":"47580cc96862e2f1b37d08faa504da4a"},{"page":"/assets/home_ed@2x.png","md5":"d3b4eed9d7d90bc3b582ebc5de5e1a57"},{"page":"/assets/logo_mini.png","md5":"6797733ddc0679795fd7bec0af6861af"},{"page":"/assets/logo_mini1.png","md5":"753723a480e166fbb98a13ff46fce2a7"},{"page":"/assets/order-cancel.png","md5":"5fa50c9eec707928795ceea5ad828997"},{"page":"/assets/order-finish.png","md5":"d178fe88e193a18ff5f8b0d56d33cc78"},{"page":"/assets/order-pay.png","md5":"8c2130c1dc72b8b1974266e97ce1004b"},{"page":"/assets/order@2x.png","md5":"ef54118dd1df4694cee1f116b0799e53"},{"page":"/assets/order_ed@2x.png","md5":"14c177027acf119b0e624993a7a242d7"},{"page":"/assets/owner-menu.png","md5":"51f0a58a1c8a1b94102f3dd471c7cbf1"},{"page":"/assets/owner-pull.png","md5":"6b93535d2de4517d336fa8668aed2cfe"},{"page":"/assets/owner-scan.png","md5":"f61967d8cb4922c192cac2762d9dd937"},{"page":"/assets/register.jpg","md5":"a97df2e7de8e1496aa51e68685bb503a"},{"page":"/assets/ssumapchoose.html","md5":"1a8f9e0989eaaf0eae26352216bfc7f5"},{"page":"/assets/step-1.png","md5":"86ad2dfa985ad1e82133fd434efb21de"},{"page":"/assets/step-2.png","md5":"3f391798727867b931439969f1ee8d8d"},{"page":"/assets/step-3.png","md5":"495f3b824dc79ce8ca777a96b32a4db9"},{"page":"/assets/user@2x.png","md5":"a2faa247e6d9c19ed090636b53e54028"},{"page":"/assets/user_ed@2x.png","md5":"d2203956780c450e7f891e6fad651769"},{"page":"/assets/vehicles.png","md5":"0c5c06aea4c945b7db39e8ede4e5aaec"},{"page":"/assets/ver-ing.png","md5":"1b12e9d8232541d0ba3d5c4268df14f2"},{"page":"/assets/weixin.png","md5":"5be94d7b9b5c1fe3a969b00fe6d1c60f"}],"android":"1.0.0","iOS":"1.0.0","appName":"shengshang-u","jsVersion":"911c9ca77a8db44b09900237720290a0","timestamp":1543162260430,"jsPath":"https://app.weex-eros.com/source"}
